actionid,userid,targetid,timestamp,feature0,feature1,feature2,feature3,label
0,0,0,0.0,-0.3199914794575269,-0.4357014334929225,0.10678377884769,-0.0673092397645177,0
1,0,1,6.0,-0.3199914794575269,-0.4357014334929225,0.10678377884769,-0.0673092397645177,0
2,0,2,41.0,-0.3199914794575269,-0.4357014334929225,0.10678377884769,-0.0673092397645177,0
3,0,1,49.0,-0.3199914794575269,-0.4357014334929225,0.10678377884769,-0.0673092397645177,0
4,0,2,51.0,-0.3199914794575269,-0.4357014334929225,0.10678377884769,-0.0673092397645177,0
5,0,3,55.0,-0.3199914794575269,-0.4357014334929225,0.10678377884769,-0.0673092397645177,0
6,0,4,59.0,-0.3199914794575269,-0.4357014334929225,0.10678377884769,-0.0673092397645177,0
7,0,5,62.0,-0.3199914794575269,-0.4357014334929225,0.10678377884769,-0.0673092397645177,0
8,0,6,65.0,-0.3199914794575269,-0.4357014334929225,0.10678377884769,-0.0673092397645177,0
9,0,7,113.0,-0.3199914794575269,-0.4357014334929225,1.1088261038304843,12.777234821319588,0
10,0,8,226.0,-0.3199914794575269,-0.4357014334929225,0.6078049413390874,149.45121147129262,0
11,0,9,974.0,-0.3199914794575269,-0.4357014334929225,1.1088261038304843,3.3445227764609475,0
12,0,0,1000.0,-0.3199914794575269,-0.4357014334929225,0.10678377884769,-0.0673092397645177,0
13,0,9,1172.0,-0.3199914794575269,-0.4357014334929225,1.1088261038304843,1.1368667659621172,0
14,0,2,1182.0,-0.3199914794575269,-0.4357014334929225,0.10678377884769,-0.0673092397645177,0
15,0,1,1185.0,-0.3199914794575269,-0.4357014334929225,0.10678377884769,-0.0673092397645177,0
16,0,10,1687.0,-0.3199914794575269,-0.4357014334929225,0.10678377884769,-0.0673092397645177,0
17,1,10,7262.0,-0.3199914794575269,-0.4357014334929225,0.10678377884769,-0.0673092397645177,0
18,1,1,7266.0,-0.3199914794575269,-0.4357014334929225,0.10678377884769,-0.0673092397645177,0
19,1,2,7273.0,-0.3199914794575269,-0.4357014334929225,0.6078049413390874,0.936170765007678,0
20,1,7,7289.0,-0.3199914794575269,-0.4357014334929225,0.10678377884769,-0.0673092397645177,0
21,1,0,7299.0,-0.3199914794575269,-0.4357014334929225,0.10678377884769,-0.0673092397645177,0
22,1,11,7319.0,-0.3199914794575269,-0.4357014334929225,0.10678377884769,-0.0673092397645177,0
23,1,12,7839.0,-0.3199914794575269,-0.4357014334929225,0.10678377884769,-0.0673092397645177,0
24,1,11,7846.0,-0.3199914794575269,-0.4357014334929225,0.10678377884769,-0.0673092397645177,0
25,2,1,37868.0,-0.3199914794575269,-0.4357014334929225,0.6078049413390874,1.3375627669165564,0
26,3,1,37953.0,-0.3199914794575269,-0.4357014334929225,0.10678377884769,-0.0673092397645177,0
27,4,1,37969.0,-0.3199914794575269,-0.4357014334929225,1.1088261038304843,7.157746794595293,0
28,4,3,38018.0,-0.3199914794575269,-0.4357014334929225,0.6078049413390874,0.1333867611899214,0
29,3,10,38113.0,-0.3199914794575269,-0.4357014334929225,0.10678377884769,-0.0673092397645177,0
30,3,3,38126.0,-0.3199914794575269,-0.4357014334929225,0.10678377884769,-0.0673092397645177,0
31,5,1,38170.0,-0.3199914794575269,-0.4357014334929225,0.10678377884769,-0.0673092397645177,0
32,5,3,38184.0,-0.3199914794575269,-0.4357014334929225,0.10678377884769,-0.0673092397645177,0
33,6,1,38218.0,-0.3199914794575269,-0.4357014334929225,0.10678377884769,-0.0673092397645177,0
34,7,1,38219.0,-0.3199914794575269,-0.4357014334929225,0.10678377884769,-0.0673092397645177,0
35,5,8,38239.0,-0.3199914794575269,-0.4357014334929225,0.10678377884769,-0.0673092397645177,0
36,3,13,38246.0,-0.3199914794575269,2.1087215250683182,-0.3942373836437072,-0.0673092397645177,0
37,8,1,38260.0,-0.3199914794575269,-0.4357014334929225,0.10678377884769,-0.0673092397645177,0
38,6,3,38261.0,-0.3199914794575269,-0.4357014334929225,0.6078049413390874,0.7354747640532389,0
39,7,1,38287.0,-0.3199914794575269,-0.4357014334929225,0.10678377884769,-0.0673092397645177,0
40,6,1,38308.0,-0.3199914794575269,-0.4357014334929225,0.10678377884769,-0.0673092397645177,0
41,6,2,38327.0,-0.3199914794575269,-0.4357014334929225,0.10678377884769,-0.0673092397645177,0
42,6,7,38340.0,-0.3199914794575269,-0.4357014334929225,0.6078049413390874,5.150786785050901,0
43,9,1,38414.0,-0.3199914794575269,-0.4357014334929225,0.10678377884769,-0.0673092397645177,0
44,7,10,38455.0,-0.3199914794575269,-0.4357014334929225,0.10678377884769,-0.0673092397645177,0
45,7,9,38472.0,-0.3199914794575269,-0.4357014334929225,0.10678377884769,-0.0673092397645177,0
46,6,14,38581.0,1.0280908205665915,-0.4357014334929225,-0.3942373836437072,-0.0673092397645177,0
47,7,3,38583.0,-0.3199914794575269,-0.4357014334929225,0.10678377884769,-0.0673092397645177,0
48,6,14,38597.0,1.0280908205665915,-0.4357014334929225,-0.3942373836437072,-0.0673092397645177,0
49,6,7,38606.0,-0.3199914794575269,-0.4357014334929225,0.10678377884769,-0.0673092397645177,0
50,6,14,38615.0,2.37617312059071,-0.4357014334929225,-0.3942373836437072,-0.0673092397645177,0
51,6,9,38623.0,-0.3199914794575269,-0.4357014334929225,0.6078049413390874,7.157746794595293,0
52,10,1,38680.0,-0.3199914794575269,-0.4357014334929225,0.6078049413390874,1.7389547688254348,0
53,6,8,38696.0,-0.3199914794575269,-0.4357014334929225,0.10678377884769,-0.0673092397645177,0
54,10,3,38700.0,-0.3199914794575269,-0.4357014334929225,0.10678377884769,-0.0673092397645177,0
55,6,3,38704.0,-0.3199914794575269,-0.4357014334929225,0.6078049413390874,0.7354747640532389,0
56,4,4,38724.0,-0.3199914794575269,-0.4357014334929225,0.6078049413390874,-0.0673092397645177,0
57,4,13,38725.0,-0.3199914794575269,2.1087215250683182,-0.3942373836437072,-0.0673092397645177,0
58,4,8,38736.0,-0.3199914794575269,-0.4357014334929225,0.10678377884769,-0.0673092397645177,0
59,4,5,38753.0,-0.3199914794575269,-0.4357014334929225,0.6078049413390874,-0.0673092397645177,0
60,11,1,38819.0,-0.3199914794575269,-0.4357014334929225,0.10678377884769,-0.0673092397645177,0
61,12,1,38820.0,-0.3199914794575269,-0.4357014334929225,0.10678377884769,-0.0673092397645177,0
62,12,3,38826.0,-0.3199914794575269,-0.4357014334929225,0.10678377884769,-0.0673092397645177,0
63,11,1,38833.0,-0.3199914794575269,-0.4357014334929225,0.10678377884769,-0.0673092397645177,0
64,11,3,38842.0,-0.3199914794575269,-0.4357014334929225,0.10678377884769,-0.0673092397645177,0
65,13,1,38900.0,-0.3199914794575269,-0.4357014334929225,0.10678377884769,-0.0673092397645177,0
66,13,3,38905.0,-0.3199914794575269,-0.4357014334929225,0.10678377884769,-0.0673092397645177,0
68,12,13,38906.0,-0.3199914794575269,2.1087215250683182,-0.3942373836437072,-0.0673092397645177,0
68,12,13,38906.0,-0.3199914794575269,2.1087215250683182,-0.3942373836437072,-0.0673092397645177,0
69,12,9,38923.0,-0.3199914794575269,-0.4357014334929225,1.1088261038304843,1.1368667659621172,0
70,12,7,38931.0,-0.3199914794575269,-0.4357014334929225,0.10678377884769,-0.0673092397645177,0
71,12,8,38941.0,-0.3199914794575269,-0.4357014334929225,0.10678377884769,-0.0673092397645177,0
72,14,1,39047.0,-0.3199914794575269,-0.4357014334929225,0.6078049413390874,2.7424347735976307,0
73,14,2,39065.0,-0.3199914794575269,-0.4357014334929225,0.10678377884769,-0.0673092397645177,0
74,14,1,39073.0,-0.3199914794575269,-0.4357014334929225,1.1088261038304843,4.147306780278703,0
76,13,13,39105.0,-0.3199914794575269,2.1087215250683182,-0.3942373836437072,-0.0673092397645177,0
76,13,13,39105.0,-0.3199914794575269,2.1087215250683182,-0.3942373836437072,-0.0673092397645177,0
77,14,3,39113.0,-0.3199914794575269,-0.4357014334929225,0.10678377884769,-0.0673092397645177,0
79,14,13,39133.0,-0.3199914794575269,2.1087215250683182,-0.3942373836437072,-0.0673092397645177,0
79,14,13,39133.0,-0.3199914794575269,2.1087215250683182,-0.3942373836437072,-0.0673092397645177,0
80,14,9,39157.0,-0.3199914794575269,-0.4357014334929225,0.10678377884769,-0.0673092397645177,0
81,13,8,39161.0,-0.3199914794575269,-0.4357014334929225,0.10678377884769,-0.0673092397645177,0
82,14,7,39162.0,-0.3199914794575269,-0.4357014334929225,0.10678377884769,-0.0673092397645177,0
83,15,1,39164.0,-0.3199914794575269,-0.4357014334929225,0.10678377884769,-0.0673092397645177,0
84,15,2,39190.0,-0.3199914794575269,-0.4357014334929225,0.10678377884769,-0.0673092397645177,0
85,13,15,39193.0,-0.3199914794575269,2.1087215250683182,-0.3942373836437072,-0.0673092397645177,0
86,16,1,39193.0,-0.3199914794575269,-0.4357014334929225,0.10678377884769,-0.0673092397645177,0
87,15,3,39197.0,-0.3199914794575269,-0.4357014334929225,0.10678377884769,-0.0673092397645177,0
88,17,1,39220.0,-0.3199914794575269,-0.4357014334929225,0.10678377884769,-0.0673092397645177,0
89,13,8,39229.0,-0.3199914794575269,-0.4357014334929225,0.10678377884769,-0.0673092397645177,0
90,13,5,39232.0,-0.3199914794575269,-0.4357014334929225,0.10678377884769,-0.0673092397645177,0
91,15,13,39241.0,-0.3199914794575269,2.1087215250683182,-0.3942373836437072,-0.0673092397645177,0
92,18,1,39251.0,-0.3199914794575269,-0.4357014334929225,0.10678377884769,-0.0673092397645177,0
93,13,4,39253.0,-0.3199914794575269,-0.4357014334929225,0.10678377884769,-0.0673092397645177,0
94,13,16,39254.0,-0.3199914794575269,2.1087215250683182,-0.3942373836437072,-0.0673092397645177,0
95,17,10,39258.0,-0.3199914794575269,-0.4357014334929225,0.10678377884769,-0.0673092397645177,0
96,18,3,39273.0,-0.3199914794575269,-0.4357014334929225,0.10678377884769,-0.0673092397645177,0
97,19,1,39304.0,-0.3199914794575269,-0.4357014334929225,0.10678377884769,-0.0673092397645177,0
98,19,2,39313.0,-0.3199914794575269,-0.4357014334929225,0.10678377884769,-0.0673092397645177,0
99,19,3,39319.0,-0.3199914794575269,-0.4357014334929225,0.10678377884769,-0.0673092397645177,0
100,17,3,39320.0,-0.3199914794575269,-0.4357014334929225,0.10678377884769,-0.0673092397645177,0
101,14,8,39328.0,-0.3199914794575269,-0.4357014334929225,0.10678377884769,-0.0673092397645177,0
102,19,13,39329.0,-0.3199914794575269,2.1087215250683182,-0.3942373836437072,-0.0673092397645177,0
103,14,8,39364.0,-0.3199914794575269,-0.4357014334929225,0.10678377884769,-0.0673092397645177,0
104,14,1,39370.0,-0.3199914794575269,-0.4357014334929225,0.10678377884769,-0.0673092397645177,0
105,10,4,39382.0,-0.3199914794575269,-0.4357014334929225,0.10678377884769,-0.0673092397645177,0
106,14,2,39382.0,-0.3199914794575269,-0.4357014334929225,0.10678377884769,-0.0673092397645177,0
107,14,3,39393.0,-0.3199914794575269,-0.4357014334929225,1.1088261038304843,2.3410427716887523,0
108,14,4,39423.0,-0.3199914794575269,-0.4357014334929225,0.10678377884769,-0.0673092397645177,0
109,14,1,39438.0,-0.3199914794575269,-0.4357014334929225,0.10678377884769,-0.0673092397645177,0
110,6,13,39445.0,-0.3199914794575269,2.1087215250683182,-0.3942373836437072,-0.0673092397645177,0
111,14,1,39447.0,-0.3199914794575269,-0.4357014334929225,0.10678377884769,-0.0673092397645177,0
112,14,2,39513.0,-0.3199914794575269,-0.4357014334929225,0.10678377884769,-0.0673092397645177,0
113,14,10,39543.0,-0.3199914794575269,-0.4357014334929225,0.6078049413390874,7.157746794595293,0
114,14,4,39586.0,-0.3199914794575269,-0.4357014334929225,0.10678377884769,-0.0673092397645177,0
116,13,15,39591.0,-0.3199914794575269,2.1087215250683182,-0.3942373836437072,-0.0673092397645177,0
116,13,15,39591.0,-0.3199914794575269,2.1087215250683182,-0.3942373836437072,-0.0673092397645177,0
117,20,1,39606.0,-0.3199914794575269,-0.4357014334929225,0.10678377884769,-0.0673092397645177,0
118,20,2,39610.0,-0.3199914794575269,-0.4357014334929225,0.10678377884769,-0.0673092397645177,0
119,20,1,39612.0,-0.3199914794575269,-0.4357014334929225,0.10678377884769,-0.0673092397645177,0
120,13,9,39623.0,-0.3199914794575269,-0.4357014334929225,0.10678377884769,-0.0673092397645177,0
121,14,4,39624.0,-0.3199914794575269,-0.4357014334929225,0.10678377884769,-0.0673092397645177,0
122,20,3,39624.0,-0.3199914794575269,-0.4357014334929225,0.10678377884769,-0.0673092397645177,0
123,14,4,39627.0,-0.3199914794575269,-0.4357014334929225,0.10678377884769,-0.0673092397645177,0
124,21,1,39627.0,-0.3199914794575269,-0.4357014334929225,0.10678377884769,-0.0673092397645177,0
126,4,16,39630.0,-0.3199914794575269,2.1087215250683182,-0.3942373836437072,-0.0673092397645177,0
126,4,16,39630.0,-0.3199914794575269,2.1087215250683182,-0.3942373836437072,-0.0673092397645177,0
127,21,2,39637.0,-0.3199914794575269,-0.4357014334929225,0.10678377884769,-0.0673092397645177,0
128,21,3,39642.0,-0.3199914794575269,-0.4357014334929225,0.10678377884769,-0.0673092397645177,0
129,21,7,39648.0,-0.3199914794575269,-0.4357014334929225,0.10678377884769,-0.0673092397645177,0
130,21,13,39649.0,-0.3199914794575269,2.1087215250683182,-0.3942373836437072,-0.0673092397645177,0
131,13,9,39667.0,-0.3199914794575269,-0.4357014334929225,0.10678377884769,-0.0673092397645177,0
133,11,13,39708.0,-0.3199914794575269,2.1087215250683182,-0.3942373836437072,-0.0673092397645177,0
133,11,13,39708.0,-0.3199914794575269,2.1087215250683182,-0.3942373836437072,-0.0673092397645177,0
134,10,5,39816.0,-0.3199914794575269,-0.4357014334929225,0.10678377884769,-0.0673092397645177,0
135,4,16,39882.0,-0.3199914794575269,2.1087215250683182,-0.3942373836437072,-0.0673092397645177,1
136,18,4,39957.0,-0.3199914794575269,-0.4357014334929225,0.10678377884769,-0.0673092397645177,0
137,18,13,39958.0,-0.3199914794575269,2.1087215250683182,-0.3942373836437072,-0.0673092397645177,0
138,21,14,40004.0,6.420420020663066,-0.4357014334929225,-0.3942373836437072,3.5452187774153865,0
139,21,9,40026.0,-0.3199914794575269,-0.4357014334929225,2.6118895913046756,4.950090784096461,0
140,21,8,40103.0,-0.3199914794575269,-0.4357014334929225,0.10678377884769,-0.0673092397645177,0
141,17,13,40167.0,-0.3199914794575269,2.1087215250683182,-0.3942373836437072,-0.0673092397645177,0
142,22,2,40214.0,-0.3199914794575269,-0.4357014334929225,0.10678377884769,-0.0673092397645177,0
143,22,3,40221.0,-0.3199914794575269,-0.4357014334929225,0.10678377884769,-0.0673092397645177,0
144,20,9,40236.0,-0.3199914794575269,-0.4357014334929225,0.10678377884769,-0.0673092397645177,0
145,20,13,40237.0,-0.3199914794575269,2.1087215250683182,-0.3942373836437072,-0.0673092397645177,0
146,20,4,40276.0,-0.3199914794575269,-0.4357014334929225,0.10678377884769,-0.0673092397645177,0
148,18,15,40285.0,-0.3199914794575269,2.1087215250683182,-0.3942373836437072,-0.0673092397645177,0
148,18,15,40285.0,-0.3199914794575269,2.1087215250683182,-0.3942373836437072,-0.0673092397645177,0
149,17,8,40287.0,-0.3199914794575269,-0.4357014334929225,0.10678377884769,-0.0673092397645177,0
150,23,1,40325.0,-0.3199914794575269,-0.4357014334929225,0.10678377884769,-0.0673092397645177,0
151,23,3,40339.0,-0.3199914794575269,-0.4357014334929225,0.10678377884769,-0.0673092397645177,0
152,17,4,40412.0,-0.3199914794575269,-0.4357014334929225,0.10678377884769,-0.0673092397645177,0
153,11,7,40651.0,-0.3199914794575269,-0.4357014334929225,0.10678377884769,-0.0673092397645177,0
154,11,15,40652.0,-0.3199914794575269,2.1087215250683182,-0.3942373836437072,-0.0673092397645177,0
155,24,1,40670.0,-0.3199914794575269,-0.4357014334929225,0.10678377884769,-0.0673092397645177,0
156,24,4,40684.0,-0.3199914794575269,-0.4357014334929225,0.10678377884769,-0.0673092397645177,0
157,18,5,40686.0,-0.3199914794575269,-0.4357014334929225,0.10678377884769,-0.0673092397645177,0
158,18,16,40687.0,-0.3199914794575269,2.1087215250683182,-0.3942373836437072,-0.0673092397645177,0
160,20,15,40726.0,-0.3199914794575269,2.1087215250683182,-0.3942373836437072,-0.0673092397645177,0
160,20,15,40726.0,-0.3199914794575269,2.1087215250683182,-0.3942373836437072,-0.0673092397645177,0
161,20,6,40731.0,-0.3199914794575269,-0.4357014334929225,0.10678377884769,-0.0673092397645177,0
162,20,16,40732.0,-0.3199914794575269,2.1087215250683182,-0.3942373836437072,-0.0673092397645177,0
163,22,8,40733.0,-0.3199914794575269,-0.4357014334929225,0.10678377884769,-0.0673092397645177,0
164,22,13,40734.0,-0.3199914794575269,2.1087215250683182,-0.3942373836437072,-0.0673092397645177,0
165,20,17,40739.0,-0.3199914794575269,-0.4357014334929225,0.10678377884769,-0.0673092397645177,0
166,20,18,40740.0,-0.3199914794575269,2.1087215250683182,-0.3942373836437072,-0.0673092397645177,0
167,22,7,40745.0,-0.3199914794575269,-0.4357014334929225,0.10678377884769,-0.0673092397645177,0
168,20,6,40756.0,-0.3199914794575269,-0.4357014334929225,0.10678377884769,-0.0673092397645177,0
169,20,19,40757.0,-0.3199914794575269,2.1087215250683182,-0.3942373836437072,-0.0673092397645177,0
170,23,9,40764.0,-0.3199914794575269,-0.4357014334929225,0.10678377884769,-0.0673092397645177,0
172,20,18,40773.0,-0.3199914794575269,2.1087215250683182,-0.3942373836437072,-0.0673092397645177,0
172,20,18,40773.0,-0.3199914794575269,2.1087215250683182,-0.3942373836437072,-0.0673092397645177,0
173,23,9,40784.0,-0.3199914794575269,-0.4357014334929225,0.10678377884769,-0.0673092397645177,0
174,20,16,40790.0,-0.3199914794575269,2.1087215250683182,-0.3942373836437072,-0.0673092397645177,0
175,23,9,40791.0,-0.3199914794575269,-0.4357014334929225,0.10678377884769,-0.0673092397645177,0
176,10,6,40830.0,-0.3199914794575269,-0.4357014334929225,0.10678377884769,-0.0673092397645177,0
177,25,1,41049.0,-0.3199914794575269,-0.4357014334929225,0.10678377884769,-0.0673092397645177,0
178,25,2,41059.0,-0.3199914794575269,-0.4357014334929225,0.10678377884769,-0.0673092397645177,0
179,25,3,41068.0,-0.3199914794575269,-0.4357014334929225,0.10678377884769,-0.0673092397645177,0
180,18,6,41096.0,-0.3199914794575269,-0.4357014334929225,0.10678377884769,-0.0673092397645177,0
181,18,16,41097.0,-0.3199914794575269,2.1087215250683182,-0.3942373836437072,-0.0673092397645177,0
182,25,3,41103.0,-0.3199914794575269,-0.4357014334929225,0.10678377884769,-0.0673092397645177,0
183,23,4,41157.0,-0.3199914794575269,-0.4357014334929225,0.10678377884769,-0.0673092397645177,0
184,23,13,41158.0,-0.3199914794575269,2.1087215250683182,-0.3942373836437072,-0.0673092397645177,0
186,17,15,41267.0,-0.3199914794575269,2.1087215250683182,-0.3942373836437072,-0.0673092397645177,0
186,17,15,41267.0,-0.3199914794575269,2.1087215250683182,-0.3942373836437072,-0.0673092397645177,0
187,17,4,41309.0,-0.3199914794575269,-0.4357014334929225,0.10678377884769,-0.0673092397645177,0
188,17,16,41310.0,-0.3199914794575269,2.1087215250683182,-0.3942373836437072,-0.0673092397645177,0
190,17,15,41319.0,-0.3199914794575269,2.1087215250683182,-0.3942373836437072,-0.0673092397645177,0
190,17,15,41319.0,-0.3199914794575269,2.1087215250683182,-0.3942373836437072,-0.0673092397645177,0
191,17,5,41323.0,-0.3199914794575269,-0.4357014334929225,0.10678377884769,-0.0673092397645177,0
192,17,13,41324.0,-0.3199914794575269,2.1087215250683182,-0.3942373836437072,-0.0673092397645177,0
193,10,17,41378.0,-0.3199914794575269,-0.4357014334929225,0.10678377884769,-0.0673092397645177,0
194,18,17,41463.0,-0.3199914794575269,-0.4357014334929225,0.10678377884769,-0.0673092397645177,0
195,18,18,41464.0,-0.3199914794575269,2.1087215250683182,-0.3942373836437072,-0.0673092397645177,0
196,23,9,41536.0,-0.3199914794575269,-0.4357014334929225,0.6078049413390874,4.749394783142021,0
197,23,7,41563.0,-0.3199914794575269,-0.4357014334929225,0.10678377884769,-0.0673092397645177,0
198,16,10,41600.0,-0.3199914794575269,-0.4357014334929225,0.10678377884769,-0.0673092397645177,0
199,16,1,41604.0,-0.3199914794575269,-0.4357014334929225,0.10678377884769,-0.0673092397645177,0
201,24,15,41608.0,-0.3199914794575269,2.1087215250683182,-0.3942373836437072,-0.0673092397645177,0
201,24,15,41608.0,-0.3199914794575269,2.1087215250683182,-0.3942373836437072,-0.0673092397645177,0
202,16,2,41611.0,-0.3199914794575269,-0.4357014334929225,0.10678377884769,-0.0673092397645177,0
203,16,7,41620.0,-0.3199914794575269,-0.4357014334929225,0.10678377884769,-0.0673092397645177,0
204,23,5,41631.0,-0.3199914794575269,-0.4357014334929225,0.10678377884769,-0.0673092397645177,0
205,23,15,41632.0,-0.3199914794575269,2.1087215250683182,-0.3942373836437072,-0.0673092397645177,0
207,17,16,41646.0,-0.3199914794575269,2.1087215250683182,-0.3942373836437072,-0.0673092397645177,0
207,17,16,41646.0,-0.3199914794575269,2.1087215250683182,-0.3942373836437072,-0.0673092397645177,0
208,16,9,41646.0,-0.3199914794575269,-0.4357014334929225,0.10678377884769,-0.0673092397645177,0
209,24,8,41647.0,-0.3199914794575269,-0.4357014334929225,0.10678377884769,-0.0673092397645177,0
210,24,5,41651.0,-0.3199914794575269,-0.4357014334929225,0.6078049413390874,-0.0673092397645177,0
211,16,9,41665.0,-0.3199914794575269,-0.4357014334929225,0.10678377884769,-0.0673092397645177,0
212,25,4,41790.0,-0.3199914794575269,-0.4357014334929225,0.10678377884769,-0.0673092397645177,0
213,25,15,41868.0,-0.3199914794575269,2.1087215250683182,-0.3942373836437072,-0.0673092397645177,0
214,26,1,41882.0,-0.3199914794575269,-0.4357014334929225,0.10678377884769,-0.0673092397645177,0
215,26,2,41892.0,-0.3199914794575269,-0.4357014334929225,0.6078049413390874,1.1368667659621172,0
216,26,9,41910.0,-0.3199914794575269,-0.4357014334929225,0.10678377884769,-0.0673092397645177,0
217,27,1,41934.0,-0.3199914794575269,-0.4357014334929225,0.10678377884769,-0.0673092397645177,0
218,26,7,41936.0,-0.3199914794575269,-0.4357014334929225,0.10678377884769,-0.0673092397645177,0
219,27,2,41937.0,-0.3199914794575269,-0.4357014334929225,0.10678377884769,-0.0673092397645177,0
220,26,9,41943.0,-0.3199914794575269,-0.4357014334929225,0.10678377884769,-0.0673092397645177,0
221,27,2,41944.0,-0.3199914794575269,-0.4357014334929225,0.10678377884769,-0.0673092397645177,0
222,26,9,41946.0,-0.3199914794575269,-0.4357014334929225,0.10678377884769,-0.0673092397645177,0
223,27,1,41947.0,-0.3199914794575269,-0.4357014334929225,0.10678377884769,-0.0673092397645177,0
224,26,8,41964.0,-0.3199914794575269,-0.4357014334929225,0.10678377884769,-0.0673092397645177,0
226,17,16,41979.0,-0.3199914794575269,2.1087215250683182,-0.3942373836437072,-0.0673092397645177,0
226,17,16,41979.0,-0.3199914794575269,2.1087215250683182,-0.3942373836437072,-0.0673092397645177,0
227,17,9,42010.0,-0.3199914794575269,-0.4357014334929225,0.6078049413390874,0.5347787630987997,0
229,18,19,42053.0,-0.3199914794575269,2.1087215250683182,-0.3942373836437072,-0.0673092397645177,0
229,18,19,42053.0,-0.3199914794575269,2.1087215250683182,-0.3942373836437072,-0.0673092397645177,0
230,18,14,42120.0,2.37617312059071,-0.4357014334929225,-0.3942373836437072,0.5347787630987997,0
231,18,9,42133.0,-0.3199914794575269,-0.4357014334929225,0.10678377884769,-0.0673092397645177,0
232,18,8,42189.0,-0.3199914794575269,-0.4357014334929225,0.10678377884769,-0.0673092397645177,0
233,28,1,42489.0,-0.3199914794575269,-0.4357014334929225,0.10678377884769,-0.0673092397645177,0
234,24,6,42632.0,-0.3199914794575269,-0.4357014334929225,0.10678377884769,-0.0673092397645177,0
235,24,16,42633.0,-0.3199914794575269,2.1087215250683182,-0.3942373836437072,-0.0673092397645177,0
236,24,8,43218.0,-0.3199914794575269,-0.4357014334929225,0.10678377884769,-0.0673092397645177,0
237,24,18,43219.0,-0.3199914794575269,2.1087215250683182,-0.3942373836437072,-0.0673092397645177,0
238,24,17,43223.0,-0.3199914794575269,-0.4357014334929225,0.10678377884769,-0.0673092397645177,0
239,29,1,43615.0,-0.3199914794575269,-0.4357014334929225,0.10678377884769,-0.0673092397645177,0
240,29,2,43629.0,-0.3199914794575269,-0.4357014334929225,0.10678377884769,-0.0673092397645177,0
241,29,1,43662.0,-0.3199914794575269,-0.4357014334929225,0.10678377884769,-0.0673092397645177,0
242,29,10,43691.0,-0.3199914794575269,-0.4357014334929225,0.10678377884769,-0.0673092397645177,0
243,29,9,43697.0,-0.3199914794575269,-0.4357014334929225,1.6098472663218817,5.150786785050901,0
244,30,1,45092.0,-0.3199914794575269,-0.4357014334929225,0.10678377884769,-0.0673092397645177,0
245,30,2,45116.0,-0.3199914794575269,-0.4357014334929225,0.10678377884769,-0.0673092397645177,0
246,30,3,45126.0,-0.3199914794575269,-0.4357014334929225,0.10678377884769,-0.0673092397645177,0
247,30,7,45132.0,-0.3199914794575269,-0.4357014334929225,0.6078049413390874,0.5347787630987997,0
248,30,3,45139.0,-0.3199914794575269,-0.4357014334929225,0.10678377884769,-0.0673092397645177,0
249,31,1,45708.0,-0.3199914794575269,-0.4357014334929225,0.10678377884769,-0.0673092397645177,0
250,31,7,45731.0,-0.3199914794575269,-0.4357014334929225,0.10678377884769,-0.0673092397645177,0
251,30,4,45858.0,-0.3199914794575269,-0.4357014334929225,0.10678377884769,-0.0673092397645177,0
252,31,14,45929.0,5.072337720638948,-0.4357014334929225,-0.3942373836437072,11.97445081750183,0
253,31,9,46021.0,-0.3199914794575269,-0.4357014334929225,0.6078049413390874,10.168186808911877,0
254,30,5,46295.0,-0.3199914794575269,-0.4357014334929225,0.10678377884769,-0.0673092397645177,0
255,23,9,47169.0,-0.3199914794575269,-0.4357014334929225,0.10678377884769,-0.0673092397645177,0
256,32,1,47359.0,-0.3199914794575269,-0.4357014334929225,0.10678377884769,-0.0673092397645177,0
257,23,9,47628.0,-0.3199914794575269,-0.4357014334929225,0.10678377884769,-0.0673092397645177,0
258,32,7,48257.0,-0.3199914794575269,-0.4357014334929225,0.10678377884769,-0.0673092397645177,0
259,32,9,48272.0,-0.3199914794575269,-0.4357014334929225,0.10678377884769,-0.0673092397645177,0
260,32,8,48834.0,-0.3199914794575269,-0.4357014334929225,0.10678377884769,-0.0673092397645177,0
261,23,6,48950.0,-0.3199914794575269,-0.4357014334929225,0.10678377884769,-0.0673092397645177,0
262,23,16,48951.0,-0.3199914794575269,2.1087215250683182,-0.3942373836437072,-0.0673092397645177,0
263,23,1,49040.0,-0.3199914794575269,-0.4357014334929225,0.10678377884769,-0.0673092397645177,0
264,23,18,49041.0,-0.3199914794575269,2.1087215250683182,-0.3942373836437072,-0.0673092397645177,0
265,23,2,49044.0,-0.3199914794575269,-0.4357014334929225,0.10678377884769,-0.0673092397645177,0
266,23,14,49131.0,1.0280908205665915,-0.4357014334929225,-0.3942373836437072,-0.0673092397645177,0
267,33,1,49692.0,-0.3199914794575269,-0.4357014334929225,0.10678377884769,-0.0673092397645177,0
268,34,1,53894.0,-0.3199914794575269,-0.4357014334929225,0.10678377884769,-0.0673092397645177,0
269,34,3,53909.0,-0.3199914794575269,-0.4357014334929225,0.10678377884769,-0.0673092397645177,0
270,35,1,54663.0,-0.3199914794575269,-0.4357014334929225,0.10678377884769,-0.0673092397645177,0
271,35,2,54705.0,-0.3199914794575269,-0.4357014334929225,0.10678377884769,-0.0673092397645177,0
272,35,7,54763.0,-0.3199914794575269,-0.4357014334929225,0.6078049413390874,5.752874787914218,0
273,35,9,54972.0,-0.3199914794575269,-0.4357014334929225,0.6078049413390874,15.787674835636174,0
274,35,3,55061.0,-0.3199914794575269,-0.4357014334929225,0.10678377884769,-0.0673092397645177,0
275,35,7,55090.0,-0.3199914794575269,-0.4357014334929225,0.10678377884769,-0.0673092397645177,0
276,31,8,55471.0,-0.3199914794575269,-0.4357014334929225,0.6078049413390874,6.5556587917319735,0
277,34,1,55632.0,-0.3199914794575269,-0.4357014334929225,0.10678377884769,-0.0673092397645177,0
278,34,13,55634.0,-0.3199914794575269,2.1087215250683182,-0.3942373836437072,-0.0673092397645177,0
279,34,10,55750.0,-0.3199914794575269,-0.4357014334929225,0.10678377884769,-0.0673092397645177,0
280,36,1,57325.0,-0.3199914794575269,-0.4357014334929225,0.10678377884769,-0.0673092397645177,0
281,36,3,57370.0,-0.3199914794575269,-0.4357014334929225,0.6078049413390874,6.154266789823097,0
282,37,1,58318.0,-0.3199914794575269,-0.4357014334929225,0.10678377884769,-0.0673092397645177,0
283,37,10,58364.0,-0.3199914794575269,-0.4357014334929225,0.10678377884769,-0.0673092397645177,0
284,37,1,58372.0,-0.3199914794575269,-0.4357014334929225,0.10678377884769,-0.0673092397645177,0
285,38,1,60105.0,-0.3199914794575269,-0.4357014334929225,0.10678377884769,-0.0673092397645177,0
286,38,2,60119.0,-0.3199914794575269,-0.4357014334929225,0.10678377884769,-0.0673092397645177,0
287,39,1,60435.0,-0.3199914794575269,-0.4357014334929225,1.1088261038304843,1.5382587678709956,0
288,39,2,60453.0,-0.3199914794575269,-0.4357014334929225,0.10678377884769,-0.0673092397645177,0
289,39,3,60463.0,-0.3199914794575269,-0.4357014334929225,0.10678377884769,-0.0673092397645177,0
290,38,10,61020.0,-0.3199914794575269,-0.4357014334929225,0.10678377884769,-0.0673092397645177,0
291,38,3,61036.0,-0.3199914794575269,-0.4357014334929225,0.10678377884769,-0.0673092397645177,0
292,40,1,61340.0,-0.3199914794575269,-0.4357014334929225,0.6078049413390874,2.1403467707343133,0
293,40,3,61356.0,-0.3199914794575269,-0.4357014334929225,0.10678377884769,-0.0673092397645177,0
295,40,13,61501.0,-0.3199914794575269,2.1087215250683182,-0.3942373836437072,-0.0673092397645177,0
295,40,13,61501.0,-0.3199914794575269,2.1087215250683182,-0.3942373836437072,-0.0673092397645177,0
296,40,3,61514.0,-0.3199914794575269,-0.4357014334929225,0.10678377884769,-0.0673092397645177,0
297,40,15,61515.0,-0.3199914794575269,2.1087215250683182,-0.3942373836437072,-0.0673092397645177,0
299,40,13,61610.0,-0.3199914794575269,2.1087215250683182,-0.3942373836437072,-0.0673092397645177,0
299,40,13,61610.0,-0.3199914794575269,2.1087215250683182,-0.3942373836437072,-0.0673092397645177,0
300,41,1,61669.0,-0.3199914794575269,-0.4357014334929225,0.10678377884769,-0.0673092397645177,0
301,42,1,61683.0,-0.3199914794575269,-0.4357014334929225,0.10678377884769,-0.0673092397645177,0
302,42,9,61688.0,-0.3199914794575269,-0.4357014334929225,0.10678377884769,-0.0673092397645177,0
303,42,7,61702.0,-0.3199914794575269,-0.4357014334929225,0.10678377884769,-0.0673092397645177,0
304,41,10,61782.0,-0.3199914794575269,-0.4357014334929225,0.10678377884769,-0.0673092397645177,0
305,42,14,61790.0,1.0280908205665915,-0.4357014334929225,-0.3942373836437072,-0.0673092397645177,0
306,41,3,61795.0,-0.3199914794575269,-0.4357014334929225,0.10678377884769,-0.0673092397645177,0
307,42,14,61818.0,1.0280908205665915,-0.4357014334929225,-0.3942373836437072,-0.0673092397645177,1
308,41,4,62487.0,-0.3199914794575269,-0.4357014334929225,0.10678377884769,-0.0673092397645177,0
309,43,1,62555.0,-0.3199914794575269,-0.4357014334929225,0.10678377884769,-0.0673092397645177,0
310,44,1,62596.0,-0.3199914794575269,-0.4357014334929225,0.10678377884769,-0.0673092397645177,0
311,44,4,62604.0,-0.3199914794575269,-0.4357014334929225,0.10678377884769,-0.0673092397645177,0
312,43,10,62607.0,-0.3199914794575269,-0.4357014334929225,0.10678377884769,-0.0673092397645177,0
313,43,4,62626.0,-0.3199914794575269,-0.4357014334929225,0.10678377884769,-0.0673092397645177,0
314,44,15,62630.0,-0.3199914794575269,2.1087215250683182,-0.3942373836437072,-0.0673092397645177,0
315,45,1,62655.0,-0.3199914794575269,-0.4357014334929225,0.10678377884769,-0.0673092397645177,0
316,45,7,62670.0,-0.3199914794575269,-0.4357014334929225,0.10678377884769,-0.0673092397645177,0
317,45,14,62777.0,1.0280908205665915,-0.4357014334929225,-0.3942373836437072,-0.0673092397645177,0
318,46,1,62918.0,-0.3199914794575269,-0.4357014334929225,1.1088261038304843,3.5452187774153865,0
319,46,3,62948.0,-0.3199914794575269,-0.4357014334929225,0.10678377884769,-0.0673092397645177,0
320,41,5,62960.0,-0.3199914794575269,-0.4357014334929225,0.6078049413390874,-0.0673092397645177,0
321,41,4,62970.0,-0.3199914794575269,-0.4357014334929225,0.10678377884769,-0.0673092397645177,0
322,41,6,62975.0,-0.3199914794575269,-0.4357014334929225,0.10678377884769,-0.0673092397645177,0
323,41,5,62980.0,-0.3199914794575269,-0.4357014334929225,0.10678377884769,-0.0673092397645177,0
324,39,13,63073.0,-0.3199914794575269,2.1087215250683182,-0.3942373836437072,-0.0673092397645177,0
326,43,15,63076.0,-0.3199914794575269,2.1087215250683182,-0.3942373836437072,-0.0673092397645177,0
326,43,15,63076.0,-0.3199914794575269,2.1087215250683182,-0.3942373836437072,-0.0673092397645177,0
327,46,3,63301.0,-0.3199914794575269,-0.4357014334929225,0.10678377884769,-0.0673092397645177,0
328,45,14,63327.0,1.0280908205665915,-0.4357014334929225,-0.3942373836437072,-0.0673092397645177,0
329,47,1,63343.0,-0.3199914794575269,-0.4357014334929225,0.10678377884769,-0.0673092397645177,0
330,45,3,63345.0,-0.3199914794575269,-0.4357014334929225,0.10678377884769,-0.0673092397645177,0
331,47,3,63362.0,-0.3199914794575269,-0.4357014334929225,0.10678377884769,-0.0673092397645177,0
332,45,17,63396.0,-0.3199914794575269,-0.4357014334929225,0.10678377884769,-0.0673092397645177,0
333,45,6,63416.0,-0.3199914794575269,-0.4357014334929225,0.10678377884769,-0.0673092397645177,0
334,48,1,63440.0,-0.3199914794575269,-0.4357014334929225,0.10678377884769,-0.0673092397645177,0
335,48,2,63449.0,-0.3199914794575269,-0.4357014334929225,0.10678377884769,-0.0673092397645177,0
336,48,3,63453.0,-0.3199914794575269,-0.4357014334929225,0.10678377884769,-0.0673092397645177,0
337,45,6,63474.0,-0.3199914794575269,-0.4357014334929225,0.10678377884769,-0.0673092397645177,0
338,47,4,63477.0,-0.3199914794575269,-0.4357014334929225,0.10678377884769,-0.0673092397645177,0
339,47,13,63478.0,-0.3199914794575269,2.1087215250683182,-0.3942373836437072,-0.0673092397645177,0
340,47,3,63502.0,-0.3199914794575269,-0.4357014334929225,0.10678377884769,-0.0673092397645177,0
341,47,1,63503.0,-0.3199914794575269,-0.4357014334929225,0.10678377884769,-0.0673092397645177,0
342,46,8,63745.0,-0.3199914794575269,-0.4357014334929225,0.10678377884769,-0.0673092397645177,0
343,46,3,63760.0,-0.3199914794575269,-0.4357014334929225,0.10678377884769,-0.0673092397645177,0
345,43,13,63761.0,-0.3199914794575269,2.1087215250683182,-0.3942373836437072,-0.0673092397645177,0
345,43,13,63761.0,-0.3199914794575269,2.1087215250683182,-0.3942373836437072,-0.0673092397645177,0
346,45,8,63888.0,-0.3199914794575269,-0.4357014334929225,0.10678377884769,-0.0673092397645177,0
347,45,3,63906.0,-0.3199914794575269,-0.4357014334929225,0.6078049413390874,3.143826775506509,0
348,49,9,63936.0,-0.3199914794575269,-0.4357014334929225,0.10678377884769,-0.0673092397645177,0
349,41,6,63959.0,-0.3199914794575269,-0.4357014334929225,0.10678377884769,-0.0673092397645177,0
350,49,8,64037.0,-0.3199914794575269,-0.4357014334929225,0.10678377884769,-0.0673092397645177,0
351,50,1,64267.0,-0.3199914794575269,-0.4357014334929225,0.10678377884769,-0.0673092397645177,0
352,51,1,64307.0,-0.3199914794575269,-0.4357014334929225,0.10678377884769,-0.0673092397645177,0
353,51,3,64337.0,-0.3199914794575269,-0.4357014334929225,0.10678377884769,-0.0673092397645177,0
354,41,17,64429.0,-0.3199914794575269,-0.4357014334929225,0.10678377884769,-0.0673092397645177,0
355,41,6,64435.0,-0.3199914794575269,-0.4357014334929225,0.10678377884769,-0.0673092397645177,0
356,46,5,64474.0,-0.3199914794575269,-0.4357014334929225,0.10678377884769,-0.0673092397645177,0
357,46,4,64477.0,-0.3199914794575269,-0.4357014334929225,0.10678377884769,-0.0673092397645177,0
358,46,5,64478.0,-0.3199914794575269,-0.4357014334929225,0.10678377884769,-0.0673092397645177,0
359,46,4,64487.0,-0.3199914794575269,-0.4357014334929225,0.10678377884769,-0.0673092397645177,0
360,41,9,64501.0,-0.3199914794575269,-0.4357014334929225,0.10678377884769,-0.0673092397645177,0
361,41,17,64510.0,-0.3199914794575269,-0.4357014334929225,0.10678377884769,-0.0673092397645177,0
362,45,8,64739.0,-0.3199914794575269,-0.4357014334929225,0.10678377884769,-0.0673092397645177,0
363,45,9,64752.0,-0.3199914794575269,-0.4357014334929225,0.10678377884769,-0.0673092397645177,0
364,38,9,64776.0,-0.3199914794575269,-0.4357014334929225,0.10678377884769,-0.0673092397645177,0
365,38,13,64777.0,-0.3199914794575269,2.1087215250683182,-0.3942373836437072,-0.0673092397645177,0
367,46,15,64936.0,-0.3199914794575269,2.1087215250683182,-0.3942373836437072,-0.0673092397645177,0
367,46,15,64936.0,-0.3199914794575269,2.1087215250683182,-0.3942373836437072,-0.0673092397645177,0
368,52,1,64988.0,-0.3199914794575269,-0.4357014334929225,0.6078049413390874,1.7389547688254348,0
369,52,2,65005.0,-0.3199914794575269,-0.4357014334929225,0.10678377884769,-0.0673092397645177,0
370,52,3,65010.0,-0.3199914794575269,-0.4357014334929225,0.10678377884769,-0.0673092397645177,0
371,52,9,65043.0,-0.3199914794575269,-0.4357014334929225,1.1088261038304843,21.80855486426935,0
372,52,7,65159.0,-0.3199914794575269,-0.4357014334929225,0.10678377884769,-0.0673092397645177,0
373,53,1,65328.0,-0.3199914794575269,-0.4357014334929225,0.10678377884769,-0.0673092397645177,0
374,52,14,65333.0,1.0280908205665915,-0.4357014334929225,-0.3942373836437072,-0.0673092397645177,0
375,41,7,65337.0,-0.3199914794575269,-0.4357014334929225,0.10678377884769,-0.0673092397645177,0
376,52,14,65352.0,1.0280908205665915,-0.4357014334929225,-0.3942373836437072,-0.0673092397645177,0
377,53,7,65353.0,-0.3199914794575269,-0.4357014334929225,0.10678377884769,-0.0673092397645177,0
378,41,9,65356.0,-0.3199914794575269,-0.4357014334929225,0.10678377884769,-0.0673092397645177,0
379,52,14,65363.0,3.724255420614828,-0.4357014334929225,-0.3942373836437072,0.5347787630987997,0
380,53,9,65381.0,-0.3199914794575269,-0.4357014334929225,1.1088261038304843,6.154266789823097,0
381,46,5,65572.0,-0.3199914794575269,-0.4357014334929225,0.10678377884769,-0.0673092397645177,1
382,54,1,65865.0,-0.3199914794575269,-0.4357014334929225,0.10678377884769,-0.0673092397645177,0
383,55,3,65872.0,-0.3199914794575269,-0.4357014334929225,0.6078049413390874,1.1368667659621172,0
384,54,3,65878.0,-0.3199914794575269,-0.4357014334929225,0.10678377884769,-0.0673092397645177,0
385,55,7,65885.0,-0.3199914794575269,-0.4357014334929225,0.10678377884769,-0.0673092397645177,0
386,55,13,65886.0,-0.3199914794575269,2.1087215250683182,-0.3942373836437072,-0.0673092397645177,0
387,54,13,65888.0,-0.3199914794575269,2.1087215250683182,-0.3942373836437072,-0.0673092397645177,0
388,55,4,65896.0,-0.3199914794575269,-0.4357014334929225,1.1088261038304843,4.348002781233143,0
389,53,3,65968.0,-0.3199914794575269,-0.4357014334929225,0.10678377884769,-0.0673092397645177,0
390,55,3,65985.0,-0.3199914794575269,-0.4357014334929225,0.10678377884769,-0.0673092397645177,0
391,55,15,65986.0,-0.3199914794575269,2.1087215250683182,-0.3942373836437072,-0.0673092397645177,0
392,55,3,65991.0,-0.3199914794575269,-0.4357014334929225,0.10678377884769,-0.0673092397645177,0
393,52,8,66104.0,-0.3199914794575269,-0.4357014334929225,0.10678377884769,-0.0673092397645177,0
394,52,4,66112.0,-0.3199914794575269,-0.4357014334929225,0.10678377884769,-0.0673092397645177,0
395,56,1,66182.0,-0.3199914794575269,-0.4357014334929225,0.10678377884769,-0.0673092397645177,0
396,56,3,66199.0,-0.3199914794575269,-0.4357014334929225,0.10678377884769,-0.0673092397645177,0
397,57,1,66284.0,-0.3199914794575269,-0.4357014334929225,0.10678377884769,-0.0673092397645177,0
398,57,3,66306.0,-0.3199914794575269,-0.4357014334929225,0.10678377884769,-0.0673092397645177,0
399,58,1,66470.0,-0.3199914794575269,-0.4357014334929225,0.10678377884769,-0.0673092397645177,0
400,59,1,66492.0,-0.3199914794575269,-0.4357014334929225,0.10678377884769,-0.0673092397645177,0
401,60,1,66497.0,-0.3199914794575269,-0.4357014334929225,0.10678377884769,-0.0673092397645177,0
402,58,1,66500.0,-0.3199914794575269,-0.4357014334929225,0.10678377884769,-0.0673092397645177,0
403,59,2,66528.0,-0.3199914794575269,-0.4357014334929225,0.10678377884769,-0.0673092397645177,0
404,60,3,66538.0,-0.3199914794575269,-0.4357014334929225,0.10678377884769,-0.0673092397645177,0
405,58,10,66602.0,-0.3199914794575269,-0.4357014334929225,0.10678377884769,-0.0673092397645177,0
406,53,4,66653.0,-0.3199914794575269,-0.4357014334929225,0.10678377884769,-0.0673092397645177,0
407,8,10,66653.0,-0.3199914794575269,-0.4357014334929225,0.10678377884769,-0.0673092397645177,0
408,61,1,66680.0,-0.3199914794575269,-0.4357014334929225,0.6078049413390874,1.9396507697798744,0
409,62,1,66712.0,-0.3199914794575269,-0.4357014334929225,0.10678377884769,-0.0673092397645177,0
410,62,3,66724.0,-0.3199914794575269,-0.4357014334929225,0.10678377884769,-0.0673092397645177,0
411,8,10,66729.0,-0.3199914794575269,-0.4357014334929225,0.10678377884769,-0.0673092397645177,0
412,63,1,66752.0,-0.3199914794575269,-0.4357014334929225,0.10678377884769,-0.0673092397645177,0
413,59,10,66758.0,-0.3199914794575269,-0.4357014334929225,0.10678377884769,-0.0673092397645177,0
414,59,3,66765.0,-0.3199914794575269,-0.4357014334929225,0.10678377884769,-0.0673092397645177,0
415,63,4,66773.0,-0.3199914794575269,-0.4357014334929225,0.10678377884769,-0.0673092397645177,0
416,8,10,66775.0,-0.3199914794575269,-0.4357014334929225,0.10678377884769,-0.0673092397645177,0
417,8,3,66786.0,-0.3199914794575269,-0.4357014334929225,0.10678377884769,-0.0673092397645177,0
418,64,1,66876.0,-0.3199914794575269,-0.4357014334929225,0.10678377884769,-0.0673092397645177,0
419,64,10,66889.0,-0.3199914794575269,-0.4357014334929225,0.10678377884769,-0.0673092397645177,0
420,65,3,66892.0,-0.3199914794575269,-0.4357014334929225,0.10678377884769,-0.0673092397645177,0
421,58,10,66892.0,-0.3199914794575269,-0.4357014334929225,0.10678377884769,-0.0673092397645177,0
422,64,1,66895.0,-0.3199914794575269,-0.4357014334929225,0.10678377884769,-0.0673092397645177,0
424,65,13,66903.0,-0.3199914794575269,2.1087215250683182,-0.3942373836437072,-0.0673092397645177,0
424,65,13,66903.0,-0.3199914794575269,2.1087215250683182,-0.3942373836437072,-0.0673092397645177,0
425,65,3,66910.0,-0.3199914794575269,-0.4357014334929225,0.10678377884769,-0.0673092397645177,0
426,65,4,66931.0,-0.3199914794575269,-0.4357014334929225,0.10678377884769,-0.0673092397645177,0
427,65,13,66932.0,-0.3199914794575269,2.1087215250683182,-0.3942373836437072,-0.0673092397645177,0
428,65,15,66941.0,-0.3199914794575269,2.1087215250683182,-0.3942373836437072,-0.0673092397645177,0
429,58,10,66952.0,-0.3199914794575269,-0.4357014334929225,0.10678377884769,-0.0673092397645177,0
430,62,4,66956.0,-0.3199914794575269,-0.4357014334929225,0.10678377884769,-0.0673092397645177,0
431,62,13,66957.0,-0.3199914794575269,2.1087215250683182,-0.3942373836437072,-0.0673092397645177,0
433,62,15,66961.0,-0.3199914794575269,2.1087215250683182,-0.3942373836437072,-0.0673092397645177,0
433,62,15,66961.0,-0.3199914794575269,2.1087215250683182,-0.3942373836437072,-0.0673092397645177,0
434,62,13,66966.0,-0.3199914794575269,2.1087215250683182,-0.3942373836437072,-0.0673092397645177,0
435,66,1,66978.0,-0.3199914794575269,-0.4357014334929225,0.10678377884769,-0.0673092397645177,0
436,58,3,66981.0,-0.3199914794575269,-0.4357014334929225,0.10678377884769,-0.0673092397645177,0
437,67,1,66984.0,-0.3199914794575269,-0.4357014334929225,0.10678377884769,-0.0673092397645177,0
438,62,8,66988.0,-0.3199914794575269,-0.4357014334929225,0.10678377884769,-0.0673092397645177,0
439,62,3,66993.0,-0.3199914794575269,-0.4357014334929225,0.10678377884769,-0.0673092397645177,0
440,68,1,67029.0,-0.3199914794575269,-0.4357014334929225,0.10678377884769,-0.0673092397645177,0
441,68,2,67037.0,-0.3199914794575269,-0.4357014334929225,0.10678377884769,-0.0673092397645177,0
442,68,7,67044.0,-0.3199914794575269,-0.4357014334929225,0.10678377884769,-0.0673092397645177,0
443,67,3,67056.0,-0.3199914794575269,-0.4357014334929225,0.10678377884769,-0.0673092397645177,0
444,64,10,67075.0,-0.3199914794575269,-0.4357014334929225,0.10678377884769,-0.0673092397645177,0
445,64,1,67078.0,-0.3199914794575269,-0.4357014334929225,0.10678377884769,-0.0673092397645177,0
446,15,8,67089.0,-0.3199914794575269,-0.4357014334929225,0.10678377884769,-0.0673092397645177,0
447,53,5,67090.0,-0.3199914794575269,-0.4357014334929225,0.10678377884769,-0.0673092397645177,0
448,15,5,67094.0,-0.3199914794575269,-0.4357014334929225,0.10678377884769,-0.0673092397645177,0
449,69,1,67114.0,-0.3199914794575269,-0.4357014334929225,0.10678377884769,-0.0673092397645177,0
450,52,5,67121.0,-0.3199914794575269,-0.4357014334929225,0.10678377884769,-0.0673092397645177,0
451,68,14,67133.0,2.37617312059071,-0.4357014334929225,-0.3942373836437072,1.1368667659621172,0
452,69,10,67143.0,-0.3199914794575269,-0.4357014334929225,0.10678377884769,-0.0673092397645177,0
453,69,1,67149.0,-0.3199914794575269,-0.4357014334929225,0.10678377884769,-0.0673092397645177,0
454,68,7,67149.0,-0.3199914794575269,-0.4357014334929225,0.10678377884769,-0.0673092397645177,0
455,69,2,67157.0,-0.3199914794575269,-0.4357014334929225,0.10678377884769,-0.0673092397645177,0
456,68,14,67160.0,1.0280908205665915,-0.4357014334929225,-0.3942373836437072,-0.0673092397645177,0
457,69,3,67164.0,-0.3199914794575269,-0.4357014334929225,0.10678377884769,-0.0673092397645177,0
458,68,7,67165.0,-0.3199914794575269,-0.4357014334929225,0.10678377884769,-0.0673092397645177,0
459,68,9,67169.0,-0.3199914794575269,-0.4357014334929225,2.6118895913046756,5.351482786005339,1
460,69,9,67201.0,-0.3199914794575269,-0.4357014334929225,0.10678377884769,-0.0673092397645177,0
461,69,13,67202.0,-0.3199914794575269,2.1087215250683182,-0.3942373836437072,-0.0673092397645177,0
462,69,9,67224.0,-0.3199914794575269,-0.4357014334929225,1.6098472663218817,2.1403467707343133,0
463,70,1,67247.0,-0.3199914794575269,-0.4357014334929225,0.10678377884769,-0.0673092397645177,0
464,70,2,67256.0,-0.3199914794575269,-0.4357014334929225,0.10678377884769,-0.0673092397645177,0
465,70,3,67263.0,-0.3199914794575269,-0.4357014334929225,0.10678377884769,-0.0673092397645177,0
466,69,8,67307.0,-0.3199914794575269,-0.4357014334929225,0.10678377884769,-0.0673092397645177,0
467,54,8,67318.0,-0.3199914794575269,-0.4357014334929225,0.10678377884769,-0.0673092397645177,0
468,54,3,67322.0,-0.3199914794575269,-0.4357014334929225,0.10678377884769,-0.0673092397645177,0
469,67,13,67365.0,-0.3199914794575269,2.1087215250683182,-0.3942373836437072,-0.0673092397645177,0
470,59,13,67452.0,-0.3199914794575269,2.1087215250683182,-0.3942373836437072,-0.0673092397645177,0
471,71,1,67473.0,-0.3199914794575269,-0.4357014334929225,0.10678377884769,-0.0673092397645177,0
472,71,10,67503.0,-0.3199914794575269,-0.4357014334929225,0.10678377884769,-0.0673092397645177,0
473,71,3,67521.0,-0.3199914794575269,-0.4357014334929225,0.10678377884769,-0.0673092397645177,0
474,72,1,67596.0,-0.3199914794575269,-0.4357014334929225,0.10678377884769,-0.0673092397645177,0
475,72,3,67622.0,-0.3199914794575269,-0.4357014334929225,0.10678377884769,-0.0673092397645177,0
476,59,4,67640.0,-0.3199914794575269,-0.4357014334929225,0.10678377884769,-0.0673092397645177,0
477,58,4,67679.0,-0.3199914794575269,-0.4357014334929225,0.10678377884769,-0.0673092397645177,0
478,73,1,67733.0,-0.3199914794575269,-0.4357014334929225,0.10678377884769,-0.0673092397645177,0
479,73,2,67745.0,-0.3199914794575269,-0.4357014334929225,0.10678377884769,-0.0673092397645177,0
480,73,9,67753.0,-0.3199914794575269,-0.4357014334929225,1.1088261038304843,3.3445227764609475,0
481,73,3,67779.0,-0.3199914794575269,-0.4357014334929225,0.10678377884769,-0.0673092397645177,0
482,74,1,67868.0,-0.3199914794575269,-0.4357014334929225,0.10678377884769,-0.0673092397645177,0
484,70,13,67891.0,-0.3199914794575269,2.1087215250683182,-0.3942373836437072,-0.0673092397645177,0
484,70,13,67891.0,-0.3199914794575269,2.1087215250683182,-0.3942373836437072,-0.0673092397645177,0
485,75,1,67934.0,-0.3199914794575269,-0.4357014334929225,0.10678377884769,-0.0673092397645177,0
486,75,2,67979.0,-0.3199914794575269,-0.4357014334929225,0.10678377884769,-0.0673092397645177,0
487,70,4,67980.0,-0.3199914794575269,-0.4357014334929225,0.10678377884769,-0.0673092397645177,0
488,70,13,67981.0,-0.3199914794575269,2.1087215250683182,-0.3942373836437072,-0.0673092397645177,0
489,75,3,67987.0,-0.3199914794575269,-0.4357014334929225,0.10678377884769,-0.0673092397645177,0
490,76,1,67999.0,-0.3199914794575269,-0.4357014334929225,0.10678377884769,-0.0673092397645177,0
491,76,2,68007.0,-0.3199914794575269,-0.4357014334929225,0.10678377884769,-0.0673092397645177,0
492,74,2,68021.0,-0.3199914794575269,-0.4357014334929225,0.10678377884769,-0.0673092397645177,0
493,74,3,68030.0,-0.3199914794575269,-0.4357014334929225,0.6078049413390874,0.3340827621443606,0
494,59,5,68046.0,-0.3199914794575269,-0.4357014334929225,0.10678377884769,-0.0673092397645177,0
495,59,15,68047.0,-0.3199914794575269,2.1087215250683182,-0.3942373836437072,-0.0673092397645177,0
496,63,9,68051.0,-0.3199914794575269,-0.4357014334929225,0.10678377884769,-0.0673092397645177,0
497,63,15,68052.0,-0.3199914794575269,2.1087215250683182,-0.3942373836437072,-0.0673092397645177,0
498,77,1,68055.0,-0.3199914794575269,-0.4357014334929225,0.10678377884769,-0.0673092397645177,0
499,63,9,68063.0,-0.3199914794575269,-0.4357014334929225,0.6078049413390874,0.5347787630987997,0
